{"cameraMode":{"drawMode":0,"name":"Shaded","section":"Shading Mode"},"sceneLighting":true,"audioPlay":false,"sceneViewState":{"m_AlwaysRefresh":false,"showFog":true,"showSkybox":true,"showFlares":true,"showImageEffects":true,"showParticleSystems":true,"showVisualEffectGraphs":true,"m_FxEnabled":true},"in2DMode":false,"pivot":{"x":0.8788394927978516,"y":12.504507064819336,"z":-8.627384185791016},"rotation":{"x":0.4525725543498993,"y":-0.11972393095493317,"z":0.06149645149707794,"w":0.8815285563468933},"size":1.268857717514038,"orthographic":false}