{"cameraMode":{"drawMode":0,"name":"Shaded","section":"Shading Mode"},"sceneLighting":false,"audioPlay":false,"sceneViewState":{"m_AlwaysRefresh":true,"showFog":true,"showSkybox":false,"showFlares":true,"showImageEffects":true,"showParticleSystems":true,"showVisualEffectGraphs":true,"m_FxEnabled":true},"in2DMode":false,"pivot":{"x":-1.8411725759506226,"y":15.769832611083985,"z":19.48211669921875},"rotation":{"x":-0.013666510581970215,"y":-0.9197700023651123,"z":0.3914004862308502,"w":-0.03362666442990303},"size":5.0463128089904789,"orthographic":false}