{"cameraMode":{"drawMode":0,"name":"Shaded","section":"Shading Mode"},"sceneLighting":false,"audioPlay":false,"sceneViewState":{"m_AlwaysRefresh":true,"showFog":true,"showSkybox":false,"showFlares":true,"showImageEffects":true,"showParticleSystems":true,"showVisualEffectGraphs":true,"m_FxEnabled":true},"in2DMode":false,"pivot":{"x":0.07127189636230469,"y":6.194046974182129,"z":-0.36113500595092776},"rotation":{"x":-0.09915076941251755,"y":-0.831034779548645,"z":0.15825776755809785,"w":-0.5243973135948181},"size":16.161346435546876,"orthographic":false}