{"cameraMode":{"drawMode":0,"name":"Shaded","section":"Shading Mode"},"sceneLighting":false,"audioPlay":false,"sceneViewState":{"m_AlwaysRefresh":true,"showFog":true,"showSkybox":false,"showFlares":true,"showImageEffects":true,"showParticleSystems":true,"showVisualEffectGraphs":true,"m_FxEnabled":true},"in2DMode":false,"pivot":{"x":1.0614255666732789,"y":9.151918411254883,"z":9.040903091430664},"rotation":{"x":0.006973857060074806,"y":0.9303646087646484,"z":-0.36659035086631777,"w":0.022439654916524888},"size":7.42303466796875,"orthographic":false}