{"cameraMode":{"drawMode":0,"name":"Shaded","section":"Shading Mode"},"sceneLighting":false,"audioPlay":false,"sceneViewState":{"m_AlwaysRefresh":true,"showFog":true,"showSkybox":false,"showFlares":true,"showImageEffects":true,"showParticleSystems":true,"showVisualEffectGraphs":true,"m_FxEnabled":true},"in2DMode":false,"pivot":{"x":0.04106330871582031,"y":2.5244240760803224,"z":-0.41618186235427859},"rotation":{"x":-0.19240909814834596,"y":0.6573745608329773,"z":-0.17680902779102326,"w":-0.7071546316146851},"size":15.239226341247559,"orthographic":false}