{"cameraMode":{"drawMode":0,"name":"Shaded","section":"Shading Mode"},"sceneLighting":true,"audioPlay":false,"sceneViewState":{"m_AlwaysRefresh":true,"showFog":true,"showSkybox":true,"showFlares":true,"showImageEffects":true,"showParticleSystems":true,"showVisualEffectGraphs":true,"m_FxEnabled":true},"in2DMode":false,"pivot":{"x":2.276120662689209,"y":2.2917795181274416,"z":3.71872615814209},"rotation":{"x":-0.4819144010543823,"y":0.018799083307385446,"z":-0.009428235702216626,"w":-0.8762453198432922},"size":6.918739318847656,"orthographic":false}