{"cameraMode":{"drawMode":0,"name":"Shaded","section":"Shading Mode"},"sceneLighting":false,"audioPlay":false,"sceneViewState":{"m_AlwaysRefresh":true,"showFog":true,"showSkybox":false,"showFlares":true,"showImageEffects":true,"showParticleSystems":true,"showVisualEffectGraphs":true,"m_FxEnabled":true},"in2DMode":false,"pivot":{"x":-4.6066694259643559,"y":3.3719677925109865,"z":0.06485748291015625},"rotation":{"x":-0.35732924938201907,"y":-0.0655633881688118,"z":0.025813251733779908,"w":-0.9315834641456604},"size":14.30418872833252,"orthographic":false}