{"cameraMode":{"drawMode":0,"name":"Shaded","section":"Shading Mode"},"sceneLighting":false,"audioPlay":false,"sceneViewState":{"m_AlwaysRefresh":true,"showFog":true,"showSkybox":false,"showFlares":true,"showImageEffects":true,"showParticleSystems":true,"showVisualEffectGraphs":true,"m_FxEnabled":true},"in2DMode":false,"pivot":{"x":-2.815258741378784,"y":18.01317596435547,"z":-23.623268127441408},"rotation":{"x":0.376299649477005,"y":-0.023006565868854524,"z":0.008826176635921002,"w":0.9264435172080994},"size":3.7111005783081056,"orthographic":false}