{"cameraMode":{"drawMode":0,"name":"Shaded","section":"Shading Mode"},"sceneLighting":false,"audioPlay":false,"sceneViewState":{"m_AlwaysRefresh":true,"showFog":true,"showSkybox":false,"showFlares":true,"showImageEffects":true,"showParticleSystems":true,"showVisualEffectGraphs":true,"m_FxEnabled":true},"in2DMode":false,"pivot":{"x":0.07127189636230469,"y":4.546863079071045,"z":-0.6504392623901367},"rotation":{"x":-0.02810862474143505,"y":0.8327445387840271,"z":-0.04111546650528908,"w":-0.5518531799316406},"size":15.362080574035645,"orthographic":false}