{"cameraMode":{"drawMode":0,"name":"Shaded","section":"Shading Mode"},"sceneLighting":false,"audioPlay":false,"sceneViewState":{"showFog":true,"showMaterialUpdate":true,"showSkybox":false,"showFlares":true,"showImageEffects":true,"showParticleSystems":true},"in2DMode":false,"pivot":{"x":0.3702259063720703,"y":4.514993667602539,"z":-0.42838287353515627},"rotation":{"x":-0.23074479401111604,"y":-0.009978449903428555,"z":0.0022619334049522878,"w":-0.9731635451316834},"size":13.366856575012207,"orthographic":false}