{"cameraMode":{"drawMode":0,"name":"Shaded","section":"Shading Mode"},"sceneLighting":true,"audioPlay":false,"sceneViewState":{"showFog":true,"showMaterialUpdate":true,"showSkybox":true,"showFlares":true,"showImageEffects":true,"showParticleSystems":true},"in2DMode":false,"pivot":{"x":-10.111701965332032,"y":-2.8083696365356447,"z":-5.67976188659668},"rotation":{"x":-0.500594973564148,"y":0.05616936832666397,"z":-0.03167819604277611,"w":-0.8635461926460266},"size":25.305818557739259,"orthographic":false}