{"cameraMode":{"drawMode":0,"name":"Shaded","section":"Shading Mode"},"sceneLighting":false,"audioPlay":false,"sceneViewState":{"showFog":true,"showMaterialUpdate":true,"showSkybox":false,"showFlares":true,"showImageEffects":true,"showParticleSystems":true},"in2DMode":false,"pivot":{"x":0.007245063781738281,"y":0.26431673765182497,"z":-9.877533912658692},"rotation":{"x":-0.06468658894300461,"y":0.7491728663444519,"z":-0.07318329811096192,"w":-0.6554638743400574},"size":9.0206298828125,"orthographic":false}