{"cameraMode":{"drawMode":0,"name":"Shaded","section":"Shading Mode"},"sceneLighting":false,"audioPlay":false,"sceneViewState":{"showFog":true,"showMaterialUpdate":true,"showSkybox":false,"showFlares":true,"showImageEffects":true,"showParticleSystems":true},"in2DMode":false,"pivot":{"x":5.104553699493408,"y":-1.7214505672454835,"z":-0.6899728775024414},"rotation":{"x":-0.28908804059028628,"y":0.6096595525741577,"z":-0.2538391351699829,"w":-0.6933633685112},"size":8.39563274383545,"orthographic":false}