{"cameraMode":{"drawMode":0,"name":"Shaded","section":"Shading Mode"},"sceneLighting":true,"audioPlay":false,"sceneViewState":{"showFog":true,"showMaterialUpdate":false,"showSkybox":true,"showFlares":true,"showImageEffects":true,"showParticleSystems":true},"in2DMode":false,"pivot":{"x":1.435934066772461,"y":2.0965476036071779,"z":-4.134890556335449},"rotation":{"x":-0.08703058958053589,"y":0.8496080636978149,"z":-0.14829955995082856,"w":-0.49859800934791567},"size":10.0,"orthographic":false}