{"cameraMode":{"drawMode":0,"name":"Shaded","section":"Shading Mode"},"sceneLighting":false,"audioPlay":false,"sceneViewState":{"showFog":true,"showMaterialUpdate":true,"showSkybox":false,"showFlares":true,"showImageEffects":true,"showParticleSystems":true},"in2DMode":false,"pivot":{"x":11.447942733764649,"y":3.770962953567505,"z":9.82218074798584},"rotation":{"x":-0.14711405336856843,"y":0.7655841112136841,"z":-0.1871577948331833,"w":-0.5980443954467773},"size":2.2731590270996095,"orthographic":false}