{"cameraMode":{"drawMode":0,"name":"Shaded","section":"Shading Mode"},"sceneLighting":false,"audioPlay":false,"sceneViewState":{"showFog":true,"showMaterialUpdate":true,"showSkybox":false,"showFlares":true,"showImageEffects":true,"showParticleSystems":true},"in2DMode":false,"pivot":{"x":3.8842010498046877,"y":-0.8245338201522827,"z":-3.812419891357422},"rotation":{"x":0.18284107744693757,"y":0.5791347622871399,"z":-0.13594551384449006,"w":0.7830339074134827},"size":15.710922241210938,"orthographic":false}