{"cameraMode":{"drawMode":0,"name":"Shaded","section":"Shading Mode"},"sceneLighting":true,"audioPlay":false,"sceneViewState":{"showFog":true,"showMaterialUpdate":false,"showSkybox":true,"showFlares":true,"showImageEffects":true,"showParticleSystems":true},"in2DMode":false,"pivot":{"x":7.143558025360107,"y":10.370218276977539,"z":5.926913261413574},"rotation":{"x":0.1657485067844391,"y":-0.8336496353149414,"z":0.3547334372997284,"w":0.3895231783390045},"size":2.4141476154327394,"orthographic":false}