{"cameraMode":{"drawMode":0,"name":"Shaded","section":"Shading Mode"},"sceneLighting":false,"audioPlay":false,"sceneViewState":{"m_AlwaysRefresh":false,"showFog":false,"showSkybox":false,"showFlares":false,"showImageEffects":false,"showParticleSystems":false,"showVisualEffectGraphs":true,"m_FxEnabled":false},"in2DMode":false,"pivot":{"x":0.0003650188446044922,"y":0.8128692507743836,"z":0.034909047186374667},"rotation":{"x":-0.07964729517698288,"y":0.9199228286743164,"z":-0.2563892602920532,"w":-0.2857746183872223},"size":1.4282208681106568,"orthographic":false}