{"cameraMode":{"drawMode":0,"name":"Shaded","section":"Shading Mode"},"sceneLighting":false,"audioPlay":false,"sceneViewState":{"m_AlwaysRefresh":true,"showFog":true,"showSkybox":false,"showFlares":true,"showImageEffects":true,"showParticleSystems":true,"showVisualEffectGraphs":true,"m_FxEnabled":true},"in2DMode":false,"pivot":{"x":0.017887592315673829,"y":0.6162538528442383,"z":-0.07839393615722656},"rotation":{"x":0.41668960452079775,"y":-0.20294207334518434,"z":0.09433139860630036,"w":0.8813632726669312},"size":14.22589111328125,"orthographic":false}