{"cameraMode":{"drawMode":0,"name":"Shaded","section":"Shading Mode"},"sceneLighting":false,"audioPlay":false,"sceneViewState":{"m_AlwaysRefresh":true,"showFog":true,"showSkybox":false,"showFlares":true,"showImageEffects":true,"showParticleSystems":true,"showVisualEffectGraphs":true,"m_FxEnabled":true},"in2DMode":false,"pivot":{"x":0.3702259063720703,"y":4.5442023277282719,"z":-0.42838287353515627},"rotation":{"x":-0.4004075825214386,"y":0.36115768551826479,"z":-0.17431281507015229,"w":-0.8242359161376953},"size":15.4093599319458,"orthographic":false}